images,masks
/Users/sumeet/Desktop/Human Image Segmentation/Dataset/images/1.jpg,/Users/sumeet/Desktop/Human Image Segmentation/Dataset/masks/1.png
/Users/sumeet/Desktop/Human Image Segmentation/Dataset/images/10.jpg,/Users/sumeet/Desktop/Human Image Segmentation/Dataset/masks/10.png
/Users/sumeet/Desktop/Human Image Segmentation/Dataset/images/100.jpg,/Users/sumeet/Desktop/Human Image Segmentation/Dataset/masks/100.png
/Users/sumeet/Desktop/Human Image Segmentation/Dataset/images/101.jpg,/Users/sumeet/Desktop/Human Image Segmentation/Dataset/masks/101.png
/Users/sumeet/Desktop/Human Image Segmentation/Dataset/images/102.jpg,/Users/sumeet/Desktop/Human Image Segmentation/Dataset/masks/102.png
/Users/sumeet/Desktop/Human Image Segmentation/Dataset/images/103.jpg,/Users/sumeet/Desktop/Human Image Segmentation/Dataset/masks/103.png
/Users/sumeet/Desktop/Human Image Segmentation/Dataset/images/104.jpg,/Users/sumeet/Desktop/Human Image Segmentation/Dataset/masks/104.png
/Users/sumeet/Desktop/Human Image Segmentation/Dataset/images/105.jpg,/Users/sumeet/Desktop/Human Image Segmentation/Dataset/masks/105.png
/Users/sumeet/Desktop/Human Image Segmentation/Dataset/images/106.jpg,/Users/sumeet/Desktop/Human Image Segmentation/Dataset/masks/106.png
/Users/sumeet/Desktop/Human Image Segmentation/Dataset/images/107.jpg,/Users/sumeet/Desktop/Human Image Segmentation/Dataset/masks/107.png
/Users/sumeet/Desktop/Human Image Segmentation/Dataset/images/108.jpg,/Users/sumeet/Desktop/Human Image Segmentation/Dataset/masks/108.png
/Users/sumeet/Desktop/Human Image Segmentation/Dataset/images/109.jpg,/Users/sumeet/Desktop/Human Image Segmentation/Dataset/masks/109.png
/Users/sumeet/Desktop/Human Image Segmentation/Dataset/images/11.jpg,/Users/sumeet/Desktop/Human Image Segmentation/Dataset/masks/11.png
/Users/sumeet/Desktop/Human Image Segmentation/Dataset/images/110.jpg,/Users/sumeet/Desktop/Human Image Segmentation/Dataset/masks/110.png
/Users/sumeet/Desktop/Human Image Segmentation/Dataset/images/111.jpg,/Users/sumeet/Desktop/Human Image Segmentation/Dataset/masks/111.png
/Users/sumeet/Desktop/Human Image Segmentation/Dataset/images/112.jpg,/Users/sumeet/Desktop/Human Image Segmentation/Dataset/masks/112.png
/Users/sumeet/Desktop/Human Image Segmentation/Dataset/images/113.jpg,/Users/sumeet/Desktop/Human Image Segmentation/Dataset/masks/113.png
/Users/sumeet/Desktop/Human Image Segmentation/Dataset/images/114.jpg,/Users/sumeet/Desktop/Human Image Segmentation/Dataset/masks/114.png
/Users/sumeet/Desktop/Human Image Segmentation/Dataset/images/115.jpg,/Users/sumeet/Desktop/Human Image Segmentation/Dataset/masks/115.png
/Users/sumeet/Desktop/Human Image Segmentation/Dataset/images/116.jpg,/Users/sumeet/Desktop/Human Image Segmentation/Dataset/masks/116.png
/Users/sumeet/Desktop/Human Image Segmentation/Dataset/images/117.jpg,/Users/sumeet/Desktop/Human Image Segmentation/Dataset/masks/117.png
/Users/sumeet/Desktop/Human Image Segmentation/Dataset/images/118.jpg,/Users/sumeet/Desktop/Human Image Segmentation/Dataset/masks/118.png
/Users/sumeet/Desktop/Human Image Segmentation/Dataset/images/119.jpg,/Users/sumeet/Desktop/Human Image Segmentation/Dataset/masks/119.png
/Users/sumeet/Desktop/Human Image Segmentation/Dataset/images/12.jpg,/Users/sumeet/Desktop/Human Image Segmentation/Dataset/masks/12.png
/Users/sumeet/Desktop/Human Image Segmentation/Dataset/images/120.jpg,/Users/sumeet/Desktop/Human Image Segmentation/Dataset/masks/120.png
/Users/sumeet/Desktop/Human Image Segmentation/Dataset/images/121.jpg,/Users/sumeet/Desktop/Human Image Segmentation/Dataset/masks/121.png
/Users/sumeet/Desktop/Human Image Segmentation/Dataset/images/122.jpg,/Users/sumeet/Desktop/Human Image Segmentation/Dataset/masks/122.png
/Users/sumeet/Desktop/Human Image Segmentation/Dataset/images/123.jpg,/Users/sumeet/Desktop/Human Image Segmentation/Dataset/masks/123.png
/Users/sumeet/Desktop/Human Image Segmentation/Dataset/images/124.jpg,/Users/sumeet/Desktop/Human Image Segmentation/Dataset/masks/124.png
/Users/sumeet/Desktop/Human Image Segmentation/Dataset/images/125.jpg,/Users/sumeet/Desktop/Human Image Segmentation/Dataset/masks/125.png
/Users/sumeet/Desktop/Human Image Segmentation/Dataset/images/126.jpg,/Users/sumeet/Desktop/Human Image Segmentation/Dataset/masks/126.png
/Users/sumeet/Desktop/Human Image Segmentation/Dataset/images/127.jpg,/Users/sumeet/Desktop/Human Image Segmentation/Dataset/masks/127.png
/Users/sumeet/Desktop/Human Image Segmentation/Dataset/images/128.jpg,/Users/sumeet/Desktop/Human Image Segmentation/Dataset/masks/128.png
/Users/sumeet/Desktop/Human Image Segmentation/Dataset/images/129.jpg,/Users/sumeet/Desktop/Human Image Segmentation/Dataset/masks/129.png
/Users/sumeet/Desktop/Human Image Segmentation/Dataset/images/13.jpg,/Users/sumeet/Desktop/Human Image Segmentation/Dataset/masks/13.png
/Users/sumeet/Desktop/Human Image Segmentation/Dataset/images/130.jpg,/Users/sumeet/Desktop/Human Image Segmentation/Dataset/masks/130.png
/Users/sumeet/Desktop/Human Image Segmentation/Dataset/images/131.jpg,/Users/sumeet/Desktop/Human Image Segmentation/Dataset/masks/131.png
/Users/sumeet/Desktop/Human Image Segmentation/Dataset/images/132.jpg,/Users/sumeet/Desktop/Human Image Segmentation/Dataset/masks/132.png
/Users/sumeet/Desktop/Human Image Segmentation/Dataset/images/133.jpg,/Users/sumeet/Desktop/Human Image Segmentation/Dataset/masks/133.png
/Users/sumeet/Desktop/Human Image Segmentation/Dataset/images/134.jpg,/Users/sumeet/Desktop/Human Image Segmentation/Dataset/masks/134.png
/Users/sumeet/Desktop/Human Image Segmentation/Dataset/images/135.jpg,/Users/sumeet/Desktop/Human Image Segmentation/Dataset/masks/135.png
/Users/sumeet/Desktop/Human Image Segmentation/Dataset/images/136.jpg,/Users/sumeet/Desktop/Human Image Segmentation/Dataset/masks/136.png
/Users/sumeet/Desktop/Human Image Segmentation/Dataset/images/137.jpg,/Users/sumeet/Desktop/Human Image Segmentation/Dataset/masks/137.png
/Users/sumeet/Desktop/Human Image Segmentation/Dataset/images/138.jpg,/Users/sumeet/Desktop/Human Image Segmentation/Dataset/masks/138.png
/Users/sumeet/Desktop/Human Image Segmentation/Dataset/images/139.jpg,/Users/sumeet/Desktop/Human Image Segmentation/Dataset/masks/139.png
/Users/sumeet/Desktop/Human Image Segmentation/Dataset/images/14.jpg,/Users/sumeet/Desktop/Human Image Segmentation/Dataset/masks/14.png
/Users/sumeet/Desktop/Human Image Segmentation/Dataset/images/140.jpg,/Users/sumeet/Desktop/Human Image Segmentation/Dataset/masks/140.png
/Users/sumeet/Desktop/Human Image Segmentation/Dataset/images/141.jpg,/Users/sumeet/Desktop/Human Image Segmentation/Dataset/masks/141.png
/Users/sumeet/Desktop/Human Image Segmentation/Dataset/images/142.jpg,/Users/sumeet/Desktop/Human Image Segmentation/Dataset/masks/142.png
/Users/sumeet/Desktop/Human Image Segmentation/Dataset/images/143.jpg,/Users/sumeet/Desktop/Human Image Segmentation/Dataset/masks/143.png
/Users/sumeet/Desktop/Human Image Segmentation/Dataset/images/144.jpg,/Users/sumeet/Desktop/Human Image Segmentation/Dataset/masks/144.png
/Users/sumeet/Desktop/Human Image Segmentation/Dataset/images/145.jpg,/Users/sumeet/Desktop/Human Image Segmentation/Dataset/masks/145.png
/Users/sumeet/Desktop/Human Image Segmentation/Dataset/images/146.jpg,/Users/sumeet/Desktop/Human Image Segmentation/Dataset/masks/146.png
/Users/sumeet/Desktop/Human Image Segmentation/Dataset/images/147.jpg,/Users/sumeet/Desktop/Human Image Segmentation/Dataset/masks/147.png
/Users/sumeet/Desktop/Human Image Segmentation/Dataset/images/148.jpg,/Users/sumeet/Desktop/Human Image Segmentation/Dataset/masks/148.png
/Users/sumeet/Desktop/Human Image Segmentation/Dataset/images/149.jpg,/Users/sumeet/Desktop/Human Image Segmentation/Dataset/masks/149.png
/Users/sumeet/Desktop/Human Image Segmentation/Dataset/images/15.jpg,/Users/sumeet/Desktop/Human Image Segmentation/Dataset/masks/15.png
/Users/sumeet/Desktop/Human Image Segmentation/Dataset/images/150.jpg,/Users/sumeet/Desktop/Human Image Segmentation/Dataset/masks/150.png
/Users/sumeet/Desktop/Human Image Segmentation/Dataset/images/151.jpg,/Users/sumeet/Desktop/Human Image Segmentation/Dataset/masks/151.png
/Users/sumeet/Desktop/Human Image Segmentation/Dataset/images/152.jpg,/Users/sumeet/Desktop/Human Image Segmentation/Dataset/masks/152.png
/Users/sumeet/Desktop/Human Image Segmentation/Dataset/images/153.jpg,/Users/sumeet/Desktop/Human Image Segmentation/Dataset/masks/153.png
/Users/sumeet/Desktop/Human Image Segmentation/Dataset/images/154.jpg,/Users/sumeet/Desktop/Human Image Segmentation/Dataset/masks/154.png
/Users/sumeet/Desktop/Human Image Segmentation/Dataset/images/155.jpg,/Users/sumeet/Desktop/Human Image Segmentation/Dataset/masks/155.png
/Users/sumeet/Desktop/Human Image Segmentation/Dataset/images/156.jpg,/Users/sumeet/Desktop/Human Image Segmentation/Dataset/masks/156.png
/Users/sumeet/Desktop/Human Image Segmentation/Dataset/images/157.jpg,/Users/sumeet/Desktop/Human Image Segmentation/Dataset/masks/157.png
/Users/sumeet/Desktop/Human Image Segmentation/Dataset/images/158.jpg,/Users/sumeet/Desktop/Human Image Segmentation/Dataset/masks/158.png
/Users/sumeet/Desktop/Human Image Segmentation/Dataset/images/159.jpg,/Users/sumeet/Desktop/Human Image Segmentation/Dataset/masks/159.png
/Users/sumeet/Desktop/Human Image Segmentation/Dataset/images/16.jpg,/Users/sumeet/Desktop/Human Image Segmentation/Dataset/masks/16.png
/Users/sumeet/Desktop/Human Image Segmentation/Dataset/images/160.jpg,/Users/sumeet/Desktop/Human Image Segmentation/Dataset/masks/160.png
/Users/sumeet/Desktop/Human Image Segmentation/Dataset/images/161.jpg,/Users/sumeet/Desktop/Human Image Segmentation/Dataset/masks/161.png
/Users/sumeet/Desktop/Human Image Segmentation/Dataset/images/162.jpg,/Users/sumeet/Desktop/Human Image Segmentation/Dataset/masks/162.png
/Users/sumeet/Desktop/Human Image Segmentation/Dataset/images/163.jpg,/Users/sumeet/Desktop/Human Image Segmentation/Dataset/masks/163.png
/Users/sumeet/Desktop/Human Image Segmentation/Dataset/images/164.jpg,/Users/sumeet/Desktop/Human Image Segmentation/Dataset/masks/164.png
/Users/sumeet/Desktop/Human Image Segmentation/Dataset/images/165.jpg,/Users/sumeet/Desktop/Human Image Segmentation/Dataset/masks/165.png
/Users/sumeet/Desktop/Human Image Segmentation/Dataset/images/166.jpg,/Users/sumeet/Desktop/Human Image Segmentation/Dataset/masks/166.png
/Users/sumeet/Desktop/Human Image Segmentation/Dataset/images/167.jpg,/Users/sumeet/Desktop/Human Image Segmentation/Dataset/masks/167.png
/Users/sumeet/Desktop/Human Image Segmentation/Dataset/images/168.jpg,/Users/sumeet/Desktop/Human Image Segmentation/Dataset/masks/168.png
/Users/sumeet/Desktop/Human Image Segmentation/Dataset/images/169.jpg,/Users/sumeet/Desktop/Human Image Segmentation/Dataset/masks/169.png
/Users/sumeet/Desktop/Human Image Segmentation/Dataset/images/17.jpg,/Users/sumeet/Desktop/Human Image Segmentation/Dataset/masks/17.png
/Users/sumeet/Desktop/Human Image Segmentation/Dataset/images/170.jpg,/Users/sumeet/Desktop/Human Image Segmentation/Dataset/masks/170.png
/Users/sumeet/Desktop/Human Image Segmentation/Dataset/images/171.jpg,/Users/sumeet/Desktop/Human Image Segmentation/Dataset/masks/171.png
/Users/sumeet/Desktop/Human Image Segmentation/Dataset/images/172.jpg,/Users/sumeet/Desktop/Human Image Segmentation/Dataset/masks/172.png
/Users/sumeet/Desktop/Human Image Segmentation/Dataset/images/173.jpg,/Users/sumeet/Desktop/Human Image Segmentation/Dataset/masks/173.png
/Users/sumeet/Desktop/Human Image Segmentation/Dataset/images/174.jpg,/Users/sumeet/Desktop/Human Image Segmentation/Dataset/masks/174.png
/Users/sumeet/Desktop/Human Image Segmentation/Dataset/images/175.jpg,/Users/sumeet/Desktop/Human Image Segmentation/Dataset/masks/175.png
/Users/sumeet/Desktop/Human Image Segmentation/Dataset/images/176.jpg,/Users/sumeet/Desktop/Human Image Segmentation/Dataset/masks/176.png
/Users/sumeet/Desktop/Human Image Segmentation/Dataset/images/177.jpg,/Users/sumeet/Desktop/Human Image Segmentation/Dataset/masks/177.png
/Users/sumeet/Desktop/Human Image Segmentation/Dataset/images/178.jpg,/Users/sumeet/Desktop/Human Image Segmentation/Dataset/masks/178.png
/Users/sumeet/Desktop/Human Image Segmentation/Dataset/images/179.jpg,/Users/sumeet/Desktop/Human Image Segmentation/Dataset/masks/179.png
/Users/sumeet/Desktop/Human Image Segmentation/Dataset/images/18.jpg,/Users/sumeet/Desktop/Human Image Segmentation/Dataset/masks/18.png
/Users/sumeet/Desktop/Human Image Segmentation/Dataset/images/180.jpg,/Users/sumeet/Desktop/Human Image Segmentation/Dataset/masks/180.png
/Users/sumeet/Desktop/Human Image Segmentation/Dataset/images/181.jpg,/Users/sumeet/Desktop/Human Image Segmentation/Dataset/masks/181.png
/Users/sumeet/Desktop/Human Image Segmentation/Dataset/images/182.jpg,/Users/sumeet/Desktop/Human Image Segmentation/Dataset/masks/182.png
/Users/sumeet/Desktop/Human Image Segmentation/Dataset/images/183.jpg,/Users/sumeet/Desktop/Human Image Segmentation/Dataset/masks/183.png
/Users/sumeet/Desktop/Human Image Segmentation/Dataset/images/184.jpg,/Users/sumeet/Desktop/Human Image Segmentation/Dataset/masks/184.png
/Users/sumeet/Desktop/Human Image Segmentation/Dataset/images/185.jpg,/Users/sumeet/Desktop/Human Image Segmentation/Dataset/masks/185.png
/Users/sumeet/Desktop/Human Image Segmentation/Dataset/images/186.jpg,/Users/sumeet/Desktop/Human Image Segmentation/Dataset/masks/186.png
/Users/sumeet/Desktop/Human Image Segmentation/Dataset/images/187.jpg,/Users/sumeet/Desktop/Human Image Segmentation/Dataset/masks/187.png
/Users/sumeet/Desktop/Human Image Segmentation/Dataset/images/188.jpg,/Users/sumeet/Desktop/Human Image Segmentation/Dataset/masks/188.png
/Users/sumeet/Desktop/Human Image Segmentation/Dataset/images/189.jpg,/Users/sumeet/Desktop/Human Image Segmentation/Dataset/masks/189.png
/Users/sumeet/Desktop/Human Image Segmentation/Dataset/images/19.jpg,/Users/sumeet/Desktop/Human Image Segmentation/Dataset/masks/19.png
/Users/sumeet/Desktop/Human Image Segmentation/Dataset/images/190.jpg,/Users/sumeet/Desktop/Human Image Segmentation/Dataset/masks/190.png
/Users/sumeet/Desktop/Human Image Segmentation/Dataset/images/191.jpg,/Users/sumeet/Desktop/Human Image Segmentation/Dataset/masks/191.png
/Users/sumeet/Desktop/Human Image Segmentation/Dataset/images/192.jpg,/Users/sumeet/Desktop/Human Image Segmentation/Dataset/masks/192.png
/Users/sumeet/Desktop/Human Image Segmentation/Dataset/images/193.jpg,/Users/sumeet/Desktop/Human Image Segmentation/Dataset/masks/193.png
/Users/sumeet/Desktop/Human Image Segmentation/Dataset/images/194.jpg,/Users/sumeet/Desktop/Human Image Segmentation/Dataset/masks/194.png
/Users/sumeet/Desktop/Human Image Segmentation/Dataset/images/195.jpg,/Users/sumeet/Desktop/Human Image Segmentation/Dataset/masks/195.png
/Users/sumeet/Desktop/Human Image Segmentation/Dataset/images/196.jpg,/Users/sumeet/Desktop/Human Image Segmentation/Dataset/masks/196.png
/Users/sumeet/Desktop/Human Image Segmentation/Dataset/images/197.jpg,/Users/sumeet/Desktop/Human Image Segmentation/Dataset/masks/197.png
/Users/sumeet/Desktop/Human Image Segmentation/Dataset/images/198.jpg,/Users/sumeet/Desktop/Human Image Segmentation/Dataset/masks/198.png
/Users/sumeet/Desktop/Human Image Segmentation/Dataset/images/199.jpg,/Users/sumeet/Desktop/Human Image Segmentation/Dataset/masks/199.png
/Users/sumeet/Desktop/Human Image Segmentation/Dataset/images/2.jpg,/Users/sumeet/Desktop/Human Image Segmentation/Dataset/masks/2.png
/Users/sumeet/Desktop/Human Image Segmentation/Dataset/images/20.jpg,/Users/sumeet/Desktop/Human Image Segmentation/Dataset/masks/20.png
/Users/sumeet/Desktop/Human Image Segmentation/Dataset/images/200.jpg,/Users/sumeet/Desktop/Human Image Segmentation/Dataset/masks/200.png
/Users/sumeet/Desktop/Human Image Segmentation/Dataset/images/201.jpg,/Users/sumeet/Desktop/Human Image Segmentation/Dataset/masks/201.png
/Users/sumeet/Desktop/Human Image Segmentation/Dataset/images/202.jpg,/Users/sumeet/Desktop/Human Image Segmentation/Dataset/masks/202.png
/Users/sumeet/Desktop/Human Image Segmentation/Dataset/images/203.jpg,/Users/sumeet/Desktop/Human Image Segmentation/Dataset/masks/203.png
/Users/sumeet/Desktop/Human Image Segmentation/Dataset/images/204.jpg,/Users/sumeet/Desktop/Human Image Segmentation/Dataset/masks/204.png
/Users/sumeet/Desktop/Human Image Segmentation/Dataset/images/205.jpg,/Users/sumeet/Desktop/Human Image Segmentation/Dataset/masks/205.png
/Users/sumeet/Desktop/Human Image Segmentation/Dataset/images/206.jpg,/Users/sumeet/Desktop/Human Image Segmentation/Dataset/masks/206.png
/Users/sumeet/Desktop/Human Image Segmentation/Dataset/images/207.jpg,/Users/sumeet/Desktop/Human Image Segmentation/Dataset/masks/207.png
/Users/sumeet/Desktop/Human Image Segmentation/Dataset/images/208.jpg,/Users/sumeet/Desktop/Human Image Segmentation/Dataset/masks/208.png
/Users/sumeet/Desktop/Human Image Segmentation/Dataset/images/209.jpg,/Users/sumeet/Desktop/Human Image Segmentation/Dataset/masks/209.png
/Users/sumeet/Desktop/Human Image Segmentation/Dataset/images/21.jpg,/Users/sumeet/Desktop/Human Image Segmentation/Dataset/masks/21.png
/Users/sumeet/Desktop/Human Image Segmentation/Dataset/images/210.jpg,/Users/sumeet/Desktop/Human Image Segmentation/Dataset/masks/210.png
/Users/sumeet/Desktop/Human Image Segmentation/Dataset/images/211.jpg,/Users/sumeet/Desktop/Human Image Segmentation/Dataset/masks/211.png
/Users/sumeet/Desktop/Human Image Segmentation/Dataset/images/212.jpg,/Users/sumeet/Desktop/Human Image Segmentation/Dataset/masks/212.png
/Users/sumeet/Desktop/Human Image Segmentation/Dataset/images/213.jpg,/Users/sumeet/Desktop/Human Image Segmentation/Dataset/masks/213.png
/Users/sumeet/Desktop/Human Image Segmentation/Dataset/images/214.jpg,/Users/sumeet/Desktop/Human Image Segmentation/Dataset/masks/214.png
/Users/sumeet/Desktop/Human Image Segmentation/Dataset/images/215.jpg,/Users/sumeet/Desktop/Human Image Segmentation/Dataset/masks/215.png
/Users/sumeet/Desktop/Human Image Segmentation/Dataset/images/216.jpg,/Users/sumeet/Desktop/Human Image Segmentation/Dataset/masks/216.png
/Users/sumeet/Desktop/Human Image Segmentation/Dataset/images/217.jpg,/Users/sumeet/Desktop/Human Image Segmentation/Dataset/masks/217.png
/Users/sumeet/Desktop/Human Image Segmentation/Dataset/images/218.jpg,/Users/sumeet/Desktop/Human Image Segmentation/Dataset/masks/218.png
/Users/sumeet/Desktop/Human Image Segmentation/Dataset/images/219.jpg,/Users/sumeet/Desktop/Human Image Segmentation/Dataset/masks/219.png
/Users/sumeet/Desktop/Human Image Segmentation/Dataset/images/22.jpg,/Users/sumeet/Desktop/Human Image Segmentation/Dataset/masks/22.png
/Users/sumeet/Desktop/Human Image Segmentation/Dataset/images/220.jpg,/Users/sumeet/Desktop/Human Image Segmentation/Dataset/masks/220.png
/Users/sumeet/Desktop/Human Image Segmentation/Dataset/images/221.jpg,/Users/sumeet/Desktop/Human Image Segmentation/Dataset/masks/221.png
/Users/sumeet/Desktop/Human Image Segmentation/Dataset/images/222.jpg,/Users/sumeet/Desktop/Human Image Segmentation/Dataset/masks/222.png
/Users/sumeet/Desktop/Human Image Segmentation/Dataset/images/223.jpg,/Users/sumeet/Desktop/Human Image Segmentation/Dataset/masks/223.png
/Users/sumeet/Desktop/Human Image Segmentation/Dataset/images/224.jpg,/Users/sumeet/Desktop/Human Image Segmentation/Dataset/masks/224.png
/Users/sumeet/Desktop/Human Image Segmentation/Dataset/images/225.jpg,/Users/sumeet/Desktop/Human Image Segmentation/Dataset/masks/225.png
/Users/sumeet/Desktop/Human Image Segmentation/Dataset/images/226.jpg,/Users/sumeet/Desktop/Human Image Segmentation/Dataset/masks/226.png
/Users/sumeet/Desktop/Human Image Segmentation/Dataset/images/227.jpg,/Users/sumeet/Desktop/Human Image Segmentation/Dataset/masks/227.png
/Users/sumeet/Desktop/Human Image Segmentation/Dataset/images/228.jpg,/Users/sumeet/Desktop/Human Image Segmentation/Dataset/masks/228.png
/Users/sumeet/Desktop/Human Image Segmentation/Dataset/images/229.jpg,/Users/sumeet/Desktop/Human Image Segmentation/Dataset/masks/229.png
/Users/sumeet/Desktop/Human Image Segmentation/Dataset/images/23.jpg,/Users/sumeet/Desktop/Human Image Segmentation/Dataset/masks/23.png
/Users/sumeet/Desktop/Human Image Segmentation/Dataset/images/230.jpg,/Users/sumeet/Desktop/Human Image Segmentation/Dataset/masks/230.png
/Users/sumeet/Desktop/Human Image Segmentation/Dataset/images/231.jpg,/Users/sumeet/Desktop/Human Image Segmentation/Dataset/masks/231.png
/Users/sumeet/Desktop/Human Image Segmentation/Dataset/images/232.jpg,/Users/sumeet/Desktop/Human Image Segmentation/Dataset/masks/232.png
/Users/sumeet/Desktop/Human Image Segmentation/Dataset/images/233.jpg,/Users/sumeet/Desktop/Human Image Segmentation/Dataset/masks/233.png
/Users/sumeet/Desktop/Human Image Segmentation/Dataset/images/234.jpg,/Users/sumeet/Desktop/Human Image Segmentation/Dataset/masks/234.png
/Users/sumeet/Desktop/Human Image Segmentation/Dataset/images/235.jpg,/Users/sumeet/Desktop/Human Image Segmentation/Dataset/masks/235.png
/Users/sumeet/Desktop/Human Image Segmentation/Dataset/images/236.jpg,/Users/sumeet/Desktop/Human Image Segmentation/Dataset/masks/236.png
/Users/sumeet/Desktop/Human Image Segmentation/Dataset/images/237.jpg,/Users/sumeet/Desktop/Human Image Segmentation/Dataset/masks/237.png
/Users/sumeet/Desktop/Human Image Segmentation/Dataset/images/238.jpg,/Users/sumeet/Desktop/Human Image Segmentation/Dataset/masks/238.png
/Users/sumeet/Desktop/Human Image Segmentation/Dataset/images/239.jpg,/Users/sumeet/Desktop/Human Image Segmentation/Dataset/masks/239.png
/Users/sumeet/Desktop/Human Image Segmentation/Dataset/images/24.jpg,/Users/sumeet/Desktop/Human Image Segmentation/Dataset/masks/24.png
/Users/sumeet/Desktop/Human Image Segmentation/Dataset/images/240.jpg,/Users/sumeet/Desktop/Human Image Segmentation/Dataset/masks/240.png
/Users/sumeet/Desktop/Human Image Segmentation/Dataset/images/241.jpg,/Users/sumeet/Desktop/Human Image Segmentation/Dataset/masks/241.png
/Users/sumeet/Desktop/Human Image Segmentation/Dataset/images/242.jpg,/Users/sumeet/Desktop/Human Image Segmentation/Dataset/masks/242.png
/Users/sumeet/Desktop/Human Image Segmentation/Dataset/images/243.jpg,/Users/sumeet/Desktop/Human Image Segmentation/Dataset/masks/243.png
/Users/sumeet/Desktop/Human Image Segmentation/Dataset/images/244.jpg,/Users/sumeet/Desktop/Human Image Segmentation/Dataset/masks/244.png
/Users/sumeet/Desktop/Human Image Segmentation/Dataset/images/245.jpg,/Users/sumeet/Desktop/Human Image Segmentation/Dataset/masks/245.png
/Users/sumeet/Desktop/Human Image Segmentation/Dataset/images/246.jpg,/Users/sumeet/Desktop/Human Image Segmentation/Dataset/masks/246.png
/Users/sumeet/Desktop/Human Image Segmentation/Dataset/images/247.jpg,/Users/sumeet/Desktop/Human Image Segmentation/Dataset/masks/247.png
/Users/sumeet/Desktop/Human Image Segmentation/Dataset/images/248.jpg,/Users/sumeet/Desktop/Human Image Segmentation/Dataset/masks/248.png
/Users/sumeet/Desktop/Human Image Segmentation/Dataset/images/249.jpg,/Users/sumeet/Desktop/Human Image Segmentation/Dataset/masks/249.png
/Users/sumeet/Desktop/Human Image Segmentation/Dataset/images/25.jpg,/Users/sumeet/Desktop/Human Image Segmentation/Dataset/masks/25.png
/Users/sumeet/Desktop/Human Image Segmentation/Dataset/images/250.jpg,/Users/sumeet/Desktop/Human Image Segmentation/Dataset/masks/250.png
/Users/sumeet/Desktop/Human Image Segmentation/Dataset/images/251.jpg,/Users/sumeet/Desktop/Human Image Segmentation/Dataset/masks/251.png
/Users/sumeet/Desktop/Human Image Segmentation/Dataset/images/252.jpg,/Users/sumeet/Desktop/Human Image Segmentation/Dataset/masks/252.png
/Users/sumeet/Desktop/Human Image Segmentation/Dataset/images/253.jpg,/Users/sumeet/Desktop/Human Image Segmentation/Dataset/masks/253.png
/Users/sumeet/Desktop/Human Image Segmentation/Dataset/images/254.jpg,/Users/sumeet/Desktop/Human Image Segmentation/Dataset/masks/254.png
/Users/sumeet/Desktop/Human Image Segmentation/Dataset/images/255.jpg,/Users/sumeet/Desktop/Human Image Segmentation/Dataset/masks/255.png
/Users/sumeet/Desktop/Human Image Segmentation/Dataset/images/256.jpg,/Users/sumeet/Desktop/Human Image Segmentation/Dataset/masks/256.png
/Users/sumeet/Desktop/Human Image Segmentation/Dataset/images/257.jpg,/Users/sumeet/Desktop/Human Image Segmentation/Dataset/masks/257.png
/Users/sumeet/Desktop/Human Image Segmentation/Dataset/images/258.jpg,/Users/sumeet/Desktop/Human Image Segmentation/Dataset/masks/258.png
/Users/sumeet/Desktop/Human Image Segmentation/Dataset/images/259.jpg,/Users/sumeet/Desktop/Human Image Segmentation/Dataset/masks/259.png
/Users/sumeet/Desktop/Human Image Segmentation/Dataset/images/26.jpg,/Users/sumeet/Desktop/Human Image Segmentation/Dataset/masks/26.png
/Users/sumeet/Desktop/Human Image Segmentation/Dataset/images/260.jpg,/Users/sumeet/Desktop/Human Image Segmentation/Dataset/masks/260.png
/Users/sumeet/Desktop/Human Image Segmentation/Dataset/images/261.jpg,/Users/sumeet/Desktop/Human Image Segmentation/Dataset/masks/261.png
/Users/sumeet/Desktop/Human Image Segmentation/Dataset/images/262.jpg,/Users/sumeet/Desktop/Human Image Segmentation/Dataset/masks/262.png
/Users/sumeet/Desktop/Human Image Segmentation/Dataset/images/263.jpg,/Users/sumeet/Desktop/Human Image Segmentation/Dataset/masks/263.png
/Users/sumeet/Desktop/Human Image Segmentation/Dataset/images/264.jpg,/Users/sumeet/Desktop/Human Image Segmentation/Dataset/masks/264.png
/Users/sumeet/Desktop/Human Image Segmentation/Dataset/images/265.jpg,/Users/sumeet/Desktop/Human Image Segmentation/Dataset/masks/265.png
/Users/sumeet/Desktop/Human Image Segmentation/Dataset/images/266.jpg,/Users/sumeet/Desktop/Human Image Segmentation/Dataset/masks/266.png
/Users/sumeet/Desktop/Human Image Segmentation/Dataset/images/267.jpg,/Users/sumeet/Desktop/Human Image Segmentation/Dataset/masks/267.png
/Users/sumeet/Desktop/Human Image Segmentation/Dataset/images/268.jpg,/Users/sumeet/Desktop/Human Image Segmentation/Dataset/masks/268.png
/Users/sumeet/Desktop/Human Image Segmentation/Dataset/images/269.jpg,/Users/sumeet/Desktop/Human Image Segmentation/Dataset/masks/269.png
/Users/sumeet/Desktop/Human Image Segmentation/Dataset/images/27.jpg,/Users/sumeet/Desktop/Human Image Segmentation/Dataset/masks/27.png
/Users/sumeet/Desktop/Human Image Segmentation/Dataset/images/270.jpg,/Users/sumeet/Desktop/Human Image Segmentation/Dataset/masks/270.png
/Users/sumeet/Desktop/Human Image Segmentation/Dataset/images/271.jpg,/Users/sumeet/Desktop/Human Image Segmentation/Dataset/masks/271.png
/Users/sumeet/Desktop/Human Image Segmentation/Dataset/images/272.jpg,/Users/sumeet/Desktop/Human Image Segmentation/Dataset/masks/272.png
/Users/sumeet/Desktop/Human Image Segmentation/Dataset/images/273.jpg,/Users/sumeet/Desktop/Human Image Segmentation/Dataset/masks/273.png
/Users/sumeet/Desktop/Human Image Segmentation/Dataset/images/274.jpg,/Users/sumeet/Desktop/Human Image Segmentation/Dataset/masks/274.png
/Users/sumeet/Desktop/Human Image Segmentation/Dataset/images/275.jpg,/Users/sumeet/Desktop/Human Image Segmentation/Dataset/masks/275.png
/Users/sumeet/Desktop/Human Image Segmentation/Dataset/images/276.jpg,/Users/sumeet/Desktop/Human Image Segmentation/Dataset/masks/276.png
/Users/sumeet/Desktop/Human Image Segmentation/Dataset/images/277.jpg,/Users/sumeet/Desktop/Human Image Segmentation/Dataset/masks/277.png
/Users/sumeet/Desktop/Human Image Segmentation/Dataset/images/278.jpg,/Users/sumeet/Desktop/Human Image Segmentation/Dataset/masks/278.png
/Users/sumeet/Desktop/Human Image Segmentation/Dataset/images/279.jpg,/Users/sumeet/Desktop/Human Image Segmentation/Dataset/masks/279.png
/Users/sumeet/Desktop/Human Image Segmentation/Dataset/images/28.jpg,/Users/sumeet/Desktop/Human Image Segmentation/Dataset/masks/28.png
/Users/sumeet/Desktop/Human Image Segmentation/Dataset/images/280.jpg,/Users/sumeet/Desktop/Human Image Segmentation/Dataset/masks/280.png
/Users/sumeet/Desktop/Human Image Segmentation/Dataset/images/281.jpg,/Users/sumeet/Desktop/Human Image Segmentation/Dataset/masks/281.png
/Users/sumeet/Desktop/Human Image Segmentation/Dataset/images/282.jpg,/Users/sumeet/Desktop/Human Image Segmentation/Dataset/masks/282.png
/Users/sumeet/Desktop/Human Image Segmentation/Dataset/images/283.jpg,/Users/sumeet/Desktop/Human Image Segmentation/Dataset/masks/283.png
/Users/sumeet/Desktop/Human Image Segmentation/Dataset/images/284.jpg,/Users/sumeet/Desktop/Human Image Segmentation/Dataset/masks/284.png
/Users/sumeet/Desktop/Human Image Segmentation/Dataset/images/285.jpg,/Users/sumeet/Desktop/Human Image Segmentation/Dataset/masks/285.png
/Users/sumeet/Desktop/Human Image Segmentation/Dataset/images/286.jpg,/Users/sumeet/Desktop/Human Image Segmentation/Dataset/masks/286.png
/Users/sumeet/Desktop/Human Image Segmentation/Dataset/images/287.jpg,/Users/sumeet/Desktop/Human Image Segmentation/Dataset/masks/287.png
/Users/sumeet/Desktop/Human Image Segmentation/Dataset/images/288.jpg,/Users/sumeet/Desktop/Human Image Segmentation/Dataset/masks/288.png
/Users/sumeet/Desktop/Human Image Segmentation/Dataset/images/289.jpg,/Users/sumeet/Desktop/Human Image Segmentation/Dataset/masks/289.png
/Users/sumeet/Desktop/Human Image Segmentation/Dataset/images/29.jpg,/Users/sumeet/Desktop/Human Image Segmentation/Dataset/masks/29.png
/Users/sumeet/Desktop/Human Image Segmentation/Dataset/images/3.jpg,/Users/sumeet/Desktop/Human Image Segmentation/Dataset/masks/3.png
/Users/sumeet/Desktop/Human Image Segmentation/Dataset/images/30.jpg,/Users/sumeet/Desktop/Human Image Segmentation/Dataset/masks/30.png
/Users/sumeet/Desktop/Human Image Segmentation/Dataset/images/300.jpg,/Users/sumeet/Desktop/Human Image Segmentation/Dataset/masks/300.png
/Users/sumeet/Desktop/Human Image Segmentation/Dataset/images/31.jpg,/Users/sumeet/Desktop/Human Image Segmentation/Dataset/masks/31.png
/Users/sumeet/Desktop/Human Image Segmentation/Dataset/images/32.jpg,/Users/sumeet/Desktop/Human Image Segmentation/Dataset/masks/32.png
/Users/sumeet/Desktop/Human Image Segmentation/Dataset/images/33.jpg,/Users/sumeet/Desktop/Human Image Segmentation/Dataset/masks/33.png
/Users/sumeet/Desktop/Human Image Segmentation/Dataset/images/34.jpg,/Users/sumeet/Desktop/Human Image Segmentation/Dataset/masks/34.png
/Users/sumeet/Desktop/Human Image Segmentation/Dataset/images/35.jpg,/Users/sumeet/Desktop/Human Image Segmentation/Dataset/masks/35.png
/Users/sumeet/Desktop/Human Image Segmentation/Dataset/images/36.jpg,/Users/sumeet/Desktop/Human Image Segmentation/Dataset/masks/36.png
/Users/sumeet/Desktop/Human Image Segmentation/Dataset/images/37.jpg,/Users/sumeet/Desktop/Human Image Segmentation/Dataset/masks/37.png
/Users/sumeet/Desktop/Human Image Segmentation/Dataset/images/38.jpg,/Users/sumeet/Desktop/Human Image Segmentation/Dataset/masks/38.png
/Users/sumeet/Desktop/Human Image Segmentation/Dataset/images/39.jpg,/Users/sumeet/Desktop/Human Image Segmentation/Dataset/masks/39.png
/Users/sumeet/Desktop/Human Image Segmentation/Dataset/images/4.jpg,/Users/sumeet/Desktop/Human Image Segmentation/Dataset/masks/4.png
/Users/sumeet/Desktop/Human Image Segmentation/Dataset/images/40.jpg,/Users/sumeet/Desktop/Human Image Segmentation/Dataset/masks/40.png
/Users/sumeet/Desktop/Human Image Segmentation/Dataset/images/41.jpg,/Users/sumeet/Desktop/Human Image Segmentation/Dataset/masks/41.png
/Users/sumeet/Desktop/Human Image Segmentation/Dataset/images/42.jpg,/Users/sumeet/Desktop/Human Image Segmentation/Dataset/masks/42.png
/Users/sumeet/Desktop/Human Image Segmentation/Dataset/images/43.jpg,/Users/sumeet/Desktop/Human Image Segmentation/Dataset/masks/43.png
/Users/sumeet/Desktop/Human Image Segmentation/Dataset/images/44.jpg,/Users/sumeet/Desktop/Human Image Segmentation/Dataset/masks/44.png
/Users/sumeet/Desktop/Human Image Segmentation/Dataset/images/45.jpg,/Users/sumeet/Desktop/Human Image Segmentation/Dataset/masks/45.png
/Users/sumeet/Desktop/Human Image Segmentation/Dataset/images/46.jpg,/Users/sumeet/Desktop/Human Image Segmentation/Dataset/masks/46.png
/Users/sumeet/Desktop/Human Image Segmentation/Dataset/images/47.jpg,/Users/sumeet/Desktop/Human Image Segmentation/Dataset/masks/47.png
/Users/sumeet/Desktop/Human Image Segmentation/Dataset/images/48.jpg,/Users/sumeet/Desktop/Human Image Segmentation/Dataset/masks/48.png
/Users/sumeet/Desktop/Human Image Segmentation/Dataset/images/49.jpg,/Users/sumeet/Desktop/Human Image Segmentation/Dataset/masks/49.png
/Users/sumeet/Desktop/Human Image Segmentation/Dataset/images/5.jpg,/Users/sumeet/Desktop/Human Image Segmentation/Dataset/masks/5.png
/Users/sumeet/Desktop/Human Image Segmentation/Dataset/images/50.jpg,/Users/sumeet/Desktop/Human Image Segmentation/Dataset/masks/50.png
/Users/sumeet/Desktop/Human Image Segmentation/Dataset/images/51.jpg,/Users/sumeet/Desktop/Human Image Segmentation/Dataset/masks/51.png
/Users/sumeet/Desktop/Human Image Segmentation/Dataset/images/52.jpg,/Users/sumeet/Desktop/Human Image Segmentation/Dataset/masks/52.png
/Users/sumeet/Desktop/Human Image Segmentation/Dataset/images/53.jpg,/Users/sumeet/Desktop/Human Image Segmentation/Dataset/masks/53.png
/Users/sumeet/Desktop/Human Image Segmentation/Dataset/images/54.jpg,/Users/sumeet/Desktop/Human Image Segmentation/Dataset/masks/54.png
/Users/sumeet/Desktop/Human Image Segmentation/Dataset/images/55.jpg,/Users/sumeet/Desktop/Human Image Segmentation/Dataset/masks/55.png
/Users/sumeet/Desktop/Human Image Segmentation/Dataset/images/56.jpg,/Users/sumeet/Desktop/Human Image Segmentation/Dataset/masks/56.png
/Users/sumeet/Desktop/Human Image Segmentation/Dataset/images/57.jpg,/Users/sumeet/Desktop/Human Image Segmentation/Dataset/masks/57.png
/Users/sumeet/Desktop/Human Image Segmentation/Dataset/images/58.jpg,/Users/sumeet/Desktop/Human Image Segmentation/Dataset/masks/58.png
/Users/sumeet/Desktop/Human Image Segmentation/Dataset/images/59.jpg,/Users/sumeet/Desktop/Human Image Segmentation/Dataset/masks/59.png
/Users/sumeet/Desktop/Human Image Segmentation/Dataset/images/6.jpg,/Users/sumeet/Desktop/Human Image Segmentation/Dataset/masks/6.png
/Users/sumeet/Desktop/Human Image Segmentation/Dataset/images/60.jpg,/Users/sumeet/Desktop/Human Image Segmentation/Dataset/masks/60.png
/Users/sumeet/Desktop/Human Image Segmentation/Dataset/images/61.jpg,/Users/sumeet/Desktop/Human Image Segmentation/Dataset/masks/61.png
/Users/sumeet/Desktop/Human Image Segmentation/Dataset/images/62.jpg,/Users/sumeet/Desktop/Human Image Segmentation/Dataset/masks/62.png
/Users/sumeet/Desktop/Human Image Segmentation/Dataset/images/63.jpg,/Users/sumeet/Desktop/Human Image Segmentation/Dataset/masks/63.png
/Users/sumeet/Desktop/Human Image Segmentation/Dataset/images/64.jpg,/Users/sumeet/Desktop/Human Image Segmentation/Dataset/masks/64.png
/Users/sumeet/Desktop/Human Image Segmentation/Dataset/images/65.jpg,/Users/sumeet/Desktop/Human Image Segmentation/Dataset/masks/65.png
/Users/sumeet/Desktop/Human Image Segmentation/Dataset/images/66.jpg,/Users/sumeet/Desktop/Human Image Segmentation/Dataset/masks/66.png
/Users/sumeet/Desktop/Human Image Segmentation/Dataset/images/67.jpg,/Users/sumeet/Desktop/Human Image Segmentation/Dataset/masks/67.png
/Users/sumeet/Desktop/Human Image Segmentation/Dataset/images/68.jpg,/Users/sumeet/Desktop/Human Image Segmentation/Dataset/masks/68.png
/Users/sumeet/Desktop/Human Image Segmentation/Dataset/images/69.jpg,/Users/sumeet/Desktop/Human Image Segmentation/Dataset/masks/69.png
/Users/sumeet/Desktop/Human Image Segmentation/Dataset/images/7.jpg,/Users/sumeet/Desktop/Human Image Segmentation/Dataset/masks/7.png
/Users/sumeet/Desktop/Human Image Segmentation/Dataset/images/70.jpg,/Users/sumeet/Desktop/Human Image Segmentation/Dataset/masks/70.png
/Users/sumeet/Desktop/Human Image Segmentation/Dataset/images/71.jpg,/Users/sumeet/Desktop/Human Image Segmentation/Dataset/masks/71.png
/Users/sumeet/Desktop/Human Image Segmentation/Dataset/images/72.jpg,/Users/sumeet/Desktop/Human Image Segmentation/Dataset/masks/72.png
/Users/sumeet/Desktop/Human Image Segmentation/Dataset/images/73.jpg,/Users/sumeet/Desktop/Human Image Segmentation/Dataset/masks/73.png
/Users/sumeet/Desktop/Human Image Segmentation/Dataset/images/74.jpg,/Users/sumeet/Desktop/Human Image Segmentation/Dataset/masks/74.png
/Users/sumeet/Desktop/Human Image Segmentation/Dataset/images/75.jpg,/Users/sumeet/Desktop/Human Image Segmentation/Dataset/masks/75.png
/Users/sumeet/Desktop/Human Image Segmentation/Dataset/images/76.jpg,/Users/sumeet/Desktop/Human Image Segmentation/Dataset/masks/76.png
/Users/sumeet/Desktop/Human Image Segmentation/Dataset/images/77.jpg,/Users/sumeet/Desktop/Human Image Segmentation/Dataset/masks/77.png
/Users/sumeet/Desktop/Human Image Segmentation/Dataset/images/78.jpg,/Users/sumeet/Desktop/Human Image Segmentation/Dataset/masks/78.png
/Users/sumeet/Desktop/Human Image Segmentation/Dataset/images/79.jpg,/Users/sumeet/Desktop/Human Image Segmentation/Dataset/masks/79.png
/Users/sumeet/Desktop/Human Image Segmentation/Dataset/images/8.jpg,/Users/sumeet/Desktop/Human Image Segmentation/Dataset/masks/8.png
/Users/sumeet/Desktop/Human Image Segmentation/Dataset/images/80.jpg,/Users/sumeet/Desktop/Human Image Segmentation/Dataset/masks/80.png
/Users/sumeet/Desktop/Human Image Segmentation/Dataset/images/81.jpg,/Users/sumeet/Desktop/Human Image Segmentation/Dataset/masks/81.png
/Users/sumeet/Desktop/Human Image Segmentation/Dataset/images/82.jpg,/Users/sumeet/Desktop/Human Image Segmentation/Dataset/masks/82.png
/Users/sumeet/Desktop/Human Image Segmentation/Dataset/images/83.jpg,/Users/sumeet/Desktop/Human Image Segmentation/Dataset/masks/83.png
/Users/sumeet/Desktop/Human Image Segmentation/Dataset/images/84.jpg,/Users/sumeet/Desktop/Human Image Segmentation/Dataset/masks/84.png
/Users/sumeet/Desktop/Human Image Segmentation/Dataset/images/85.jpg,/Users/sumeet/Desktop/Human Image Segmentation/Dataset/masks/85.png
/Users/sumeet/Desktop/Human Image Segmentation/Dataset/images/86.jpg,/Users/sumeet/Desktop/Human Image Segmentation/Dataset/masks/86.png
/Users/sumeet/Desktop/Human Image Segmentation/Dataset/images/87.jpg,/Users/sumeet/Desktop/Human Image Segmentation/Dataset/masks/87.png
/Users/sumeet/Desktop/Human Image Segmentation/Dataset/images/88.jpg,/Users/sumeet/Desktop/Human Image Segmentation/Dataset/masks/88.png
/Users/sumeet/Desktop/Human Image Segmentation/Dataset/images/89.jpg,/Users/sumeet/Desktop/Human Image Segmentation/Dataset/masks/89.png
/Users/sumeet/Desktop/Human Image Segmentation/Dataset/images/9.jpg,/Users/sumeet/Desktop/Human Image Segmentation/Dataset/masks/9.png
/Users/sumeet/Desktop/Human Image Segmentation/Dataset/images/90.jpg,/Users/sumeet/Desktop/Human Image Segmentation/Dataset/masks/90.png
/Users/sumeet/Desktop/Human Image Segmentation/Dataset/images/91.jpg,/Users/sumeet/Desktop/Human Image Segmentation/Dataset/masks/91.png
/Users/sumeet/Desktop/Human Image Segmentation/Dataset/images/92.jpg,/Users/sumeet/Desktop/Human Image Segmentation/Dataset/masks/92.png
/Users/sumeet/Desktop/Human Image Segmentation/Dataset/images/93.jpg,/Users/sumeet/Desktop/Human Image Segmentation/Dataset/masks/93.png
/Users/sumeet/Desktop/Human Image Segmentation/Dataset/images/94.jpg,/Users/sumeet/Desktop/Human Image Segmentation/Dataset/masks/94.png
/Users/sumeet/Desktop/Human Image Segmentation/Dataset/images/95.jpg,/Users/sumeet/Desktop/Human Image Segmentation/Dataset/masks/95.png
/Users/sumeet/Desktop/Human Image Segmentation/Dataset/images/96.jpg,/Users/sumeet/Desktop/Human Image Segmentation/Dataset/masks/96.png
/Users/sumeet/Desktop/Human Image Segmentation/Dataset/images/97.jpg,/Users/sumeet/Desktop/Human Image Segmentation/Dataset/masks/97.png
/Users/sumeet/Desktop/Human Image Segmentation/Dataset/images/98.jpg,/Users/sumeet/Desktop/Human Image Segmentation/Dataset/masks/98.png
/Users/sumeet/Desktop/Human Image Segmentation/Dataset/images/99.jpg,/Users/sumeet/Desktop/Human Image Segmentation/Dataset/masks/99.png
